Cleaned_Comment,Sentiment_Label
tuju,netral
pak ahmad keroyok tetap semangat pak ahmad,positif
alhamdulillah moga segera sidang tuk penjara gerombol tukang fitnah bayar,negatif
baca bro mirip tangan gus nur bambang tri,netral
siapa belakang saksi ahli tentu bukan roy suryo cs,positif
host lakilaki kritis berani,negatif
g perlu debat debat ugm bilang asli selesai,netral
penting kan tampil teruss duit ngalirrr terusss,positif
klau benar jokowi punya ijasah asli ugm wawasanya bangsa narasi ngomongnya lihat lebih intelek orang gagal paham alias bodonya,positif
tp klien nya pernh mennangmsuk bui smuasbntr rombong inisiap pk baju shopeeewkwkwk,netral
kl klo cari uang tinggal masuk kuasa bnyakakan sono bang,positif
tunjuk masyarakat bakal,netral
amiennnnnn cari duit buat anak moga berkah pakdari uang judol,netral
okgl kamu pakailogika balik,netral
benar,positif
bela benar mana orang bela kalah,netral
republik ngibul mulyono si negeri konoha satu presiden satu komando ngibul jamaah,netral
ahli bidang tutup bohong,netral
jangan wakil rakyat masalah pribadi ragu asli ijazah jokowi rela masuk penjara buat penting ijazah jokowi asli palsu lebih penting didik murah akses seluruh masyarakat supremasi tega hukum,positif
benar,positif
yup ijazah teliti pihak netral percaya serta dgn bukti dukung,positif
benar selalu sederhana bohong selalu rumit berkelokkelok leo tolstoy,netral
nasehat polri inget umur hati hati jujur lah bela benar,positif
benar mana kalian beda duga fitnah ingatt jejaak digital,netral
mf haa ternak jokowi and parcok genk solo bangkit alam kubur,netral
inget aryanto kasus vina,netral
bawa nama tuhan,netral
ahli libat utk putar balik pakta rangka kriminalisasi roy suryo cs tanya bareskrim polri buta lihat ijasah jokowi beda photo nya dgn orang jelas photo ijazah bukan photo jokowi photo orang polisi ikut tutup nutupi hingga putar balik pakta,netral
siap buiii royy cs biasa org indonesia kritik solusi,negatif
makin tutup tutup makin yakin ijazah duga kuat palsu,negatif
maksutnya keluwarga mu klompok sampah si tuduh pa ikut,negatif
jangan jangan balik nya wqdj,netral
santet solo kaleee,netral
sy salut dgn cerdas ahmad khozididin sgt fakta beliau ungkap,positif
oohh teman kerja p jokowi aceh,netral
kosinudin baju oren,netral
ahli mesti tiga pihak ahli pihak jokowi ahli pihak roy cs ahli netral luar negeri,positif
logis darimana sakit apa fakta tak kan guna,netral
byk cakapkelihatan tutup kbohongan ruwettunjukkanteliti selesai masalhini bukan politik boss ilmiah,netral
tompel cari panggung,netral
lalu pak jokowi benar,positif
ahmad mulai goyang tuhhh liat gk tenang mata ila ala tuhhh,positif
tujuh ahli independen pemeriksaanya live biar masyarakat biar percaya biar gaduh,positif
ahli jujur jangan ahli ngibul punya ijazah,positif
sgt cerdas mz akhmad maju trus orang waras sama,positif
memang pernah akhirat broini kayak gerombol halusinasi sakit hati anut jahiliyah,netral
aduh plis degak usah bawa nama allahyg juang kebeneran siaparoy suryoroy suryo tri jaman presiden sby pecat,netral
makanya tuduh ijzah palsu si roy rismon dasar bohong hari gerombol cari bohong baru tutup tuduh,negatif
klau banyak bohong ttg netral aryanto moga cepat kena azab allah,positif
bukan tangan gibran ajatapi giring gerombol tpua roy panci csnginep hotel prodeo,negatif
tp pernh menanggklien nya msuk penjara smuawkwke,negatif
bang ahmad khosinudin semangat sehat selalu tega selalu benar adil negeri,positif
buka lebar otak biar mampu berfikir cerdas realistis,positif
minta tunjukin tilil biar ditunjukin emnk langsung percaya si panci lebih baik selesai sidang biar masuk penjara panci wkwkwkwkwk bahagia,negatif
ahli rekayasa,positif
ahil geng panci presto ahli gaduh mulai panik geng panci presto,negatif
allah lagiallah allah asli allah asli hukum,positif
bpjs km palsu usut,negatif
yaharusnya libat fihak masalah ijazah fihak netral,negatif
banyak kok mas,positif
mantan hti fpi nie orang,netral
kata siapa,netral
orang bohong tak selamat akhirat,netral
definisi simpel berberlit belit ruwet logika siapa tuh,netral
bikin suliit bohong real,negatif
ntar dulu cuci muka,netral
adil bungsemua terang ahli uji sana,positif
tpua kumpul,netral
pribadi lebih yakin ijazah jokowi buat upp universitas pasar pramuka lama ugm tempat diri universitas gembel material,netral
lagi orang baik punya musuh,netral
kata nya produk pramungka selidik,netral
maju cari benar,positif
tuju,netral
ahli ahli biar jumlah nya keranjang bila tak jujur netralapalagi ahli bayar masuk genk mulyono,positif
rakyat mana kau anak abah,netral
semua bayar,netral
susah kata jujur pakar bohong tunjuk ijazah selesai,negatif
termul keluar yo termul,negatif
arianto honor kecil yasering undang tv onetapi cara ngomongnya ahli,negatif
bang khoxinudin cerdas omong nya masuk akal muda erti,positif
masing masing pihak bawa ahli imbang masing masing ahli,positif
betul,netral
moga allah selalu sama pak khozinudin hari,netral
bikin ribet mulyono,negatif
mulai ngelesss,netral
belumyooo ndaa kok tanya sayaaa,netral
termul satu biar saat benar tunjuk jalan,positif
memang rismon ahliahli apapunya sertifikasi ahliseorang ahli negara punya sertifikasidiakui negarakalau sertifikasi punya tp ngaku ngaku ahli nama stress,positif
tinggal uji porensik tranparanijazah asli bawabukan photo copybukan muter muter berdebattolong pak polisi tegak kan hukum jujur buka,positif
susahx krn nt km blg jujur klo roy cs d menangkn gmn klo emg asli ijazahx pk jkw ms mo d blg palsu br d blg jujur aneh bin ajaib,positif
loo kata yakin palsu ngapain rengek ngemis minta ditunjukin bukti adil,netral
wkwkwk,netral
iya lawan siapakekuasaan bropaling merekatidak takut kata jahat,negatif
wujud skripsi unggah ketidaksinkonan ucap mbah kasmujo bkn dosen bimbing dosen akademik ijazah i simetris huruf logo dgn ijazah sdh bukti,netral
dulu duga,netral
yakin izasa jokower palsu,netral
koar akal sehat padahal sakit,netral
tutup bohong butuh turun komponen elit negara lihat benar cukup mudah simpel tunjuk asli,positif
kl lah sampe ijazah asli kagak ditunjukin arti apa aslimah bangga loh ijazah logika jangan balik,positif
jujur mata hati tutup harta dunia ajar agama ahklak kurang mana jujur a znyr,positif
bohong mungkin tempat menang,negatif
terang benderang ijazah palsu,netral
indonesia siapa duit banyak salah bohong benar oknum polisi acara bahkan hakim,netral
betul sekali mati bohong jokowi pura mati,negatif
sllu mnemukan fakta benar stiap jelas pak ahmad khozinudinrunut dasar data fakta,positif
pastilahwalaupun jokowi matiarwahnya bilang sehatsehat,netral
tunggu penjara heeee,negatif
lo ketawa arti lo anak sd,netral
ahmad betul cerdas berani tegak jujur,positif
bang ahmad bicara cerah orang mudah paham problem,positif
tetap semangat bang khozinudinalloh senantiasa lindung beri menang bangsa rakyat indonesia,positif
indonesia kurang ahli tetap kurang orang jujur,positif
rakyat indonesia penasaran rela masuk penjara semua asal kan jokowi tunjuk kan sekali publik ijazah keramat,positif
jangan lawan orang baik orang baik lindung tuhan maha esa rakyat cerdas waras,positif
roisuryo cs orang jujur orang awam nilai mana jujur mana bohong,positif
diaaaaam jempe neng shut up,netral
mana pikir penting fulus,positif
acara hti,netral
blm bukti kok bilang fakta,netral
kata yakin palsu ngapain rengek ngemis minta ditunjukin kumpulin siapin bukti utk adil,netral
sungguh dosa tuduh jokowi bohong kasus masuk adil nyata izajah jokowi palsu tobat jangan benci dgn keluarga jokowi jadi hakim,negatif
ternak abah nambah onta kerbau,netral
dapat tdk pihak siapa tuju cari benar bukan benar,positif
diaaaaaam,netral
lihat nanty hasil,netral
terus bohong kalian tutup jujur kalian bungkam tidak adil tonton parah hukum tegak hukum indonesia urus sepele kelar ruweeeeett,negatif
op si udin ndrojos gk mutuuuucuma rame swaranya doang mercondhor dhor hilang,netral
harus rakyat semua satu tuntut jokowi lihat ijazah,netral
aryanto sutadi lebih pantas sebut wakil nasehat jokowi nasehat kapolrikarena ucap sangat netral,positif
usah banyak bacot jokowi dulu selesai tunjukin ijazah nya,positif
betul klo asli baru tuntut balik mudah sekali kan putus pangadilan,positif
ijazah blum jelas aslikok orang tuduh fitnahhadehhhhh,netral
publik jujur,positif
acara dzalim moga mur putus allah laknat bela zalim amin,negatif
yng bilang asli sah tutup amplop jelas jelas ijasah jokowi ragu asli anehadakah ijasah tekuk tekuk lipat moga juang bpk bpk yng juang kejujurankeadilan beri mudah,positif
pki gerwani komen,netral
malaikat maut munkar nakir mungkin buat percaya aku bela ulama ulama mana ulama apa cari ustad baik sprti ustad salaf,positif
justru suka fitnah org hati hati pk jokowi klwrga nga pernah caci maki klmpok,positif
undang nasehat kapolri ternak mulyono,netral
ijazah nya tunjuk biar rakyat,netral
maju hotel prodeo,positif
aamiin yra,netral
hal pihak jokowi pihak roy punya dana sewa akhli,netral
banyak orang pandai komen sini skrinshot ah buat kenang,positif
komen ehhh duluin,netral
orng bnar tdk belit belit tinggl tunjuk ijazah n asli k publik,positif
klo tuhan sesuai mu apa nyalahkan tuhan,positif
lanjut bang roy cs sama acara butuh benar bukan kebohongankami semua jujur siapa jujur terima siapa orang jangan hindar tanggung jawab,positif
bohong tuduh ijazah palsu apa dasar roy panci nyata ijazah jokowi palsu mana kosinudin bela bohong bawa agama tp nyari duit berapasih bayar dgn roy panci rakyat indonesia dapat kosinudin bayar tinggi banting tulang bahkan kelah adil krn tahan bayar cukup lumayan,negatif
dampak rusa jokibul luar biasaahh,netral
ketawa bakal saksi,netral
bohong atas bohong smoga sjh slaah harap,negatif
kluu gtu gmn klu pkmu polisi,netral
khosinudin suruh mandi biar glowing,netral
znyr bohong tanya kasmudjo,negatif
ariyanto diammmmmmm,netral
jujur panci cs kata bodoh,negatif
betul bang khozinudin semangat moga sukses ijazah tunjuk adil ijazah aslipalsu tetap hakim adil,positif
barang asli berani tunjuk klu barang palsu berani tunjuk logika cara berfikir rakyat indonesia pintar,netral
moga roy cs kali lebaran takbir hotel gratis yo menang,positif
betul orang orang sebar fitnah cela maki bapak jokowi tanggung jawab dunia akhirat semua adil sidang akhirat,negatif
tompel hti,netral
nguji netrap gk,netral
alloh menang kan benar alloh lindung juang benar,positif
buta jujur krna uang,netral
omong nya termul munntahhhh aku ngedabrus mobil ghoib esemka ngateliiiiiii,netral
inti h t i f p i alir sesat,negatif
udin tompel keok,netral
bareskrim publikasi ijazah jkw publik cegah guna ijazah palsu utk jabat publik preciden padahal orang publik hak ungkap asli palsu ijazah jabat publik mantan sesuai tentu pasal f pasal j ayat uud pasal ayat huruf b uu kip pasal ayat huruf b uu kip arti pak rismon cs pidana tentang pasal pasal sebut atas,negatif
pak ahmad,netral
sh krn sifat dengki sirik krn bpk ahmad khozinudin acara sholeh cerdas jga jujur,positif
harus polri undang kelompok roy suryo kelompok pak jokowi bareskrim periksa ijazah trus hasil periksa umum media bkn ijazah dinampakin media,netral
sidang jalan seudlon mau gmna salah jokowi hukum penjara thn baru puas gerombol orang sakit hati masuk semua hti fpi,negatif
tetap yakin ah orang kata benar manusia milik benar satu nabi muhammad saw jangan tendensius satu golong hti,positif
enak buat kata palsu org rasa dgn susah paya mendptkan ijasa dibulil semua org benci milik ijasa rasa beban pikiranx orang tuduh rasa balik,negatif
enak y calon jabat ijasah nya palsu bekerjasama oknum pajabat kait lolos jabat nyadi curiga ijasah nya palsu gmw nunjukkin ijasah nya bagai alassan bikin heboh nasiona,negatif
ayo gerak cepat polisi biar ad tersangkabiar g gaduh d nkri,positif
knapa utk pasal ujar benci ahli tpi utk uji asli ijazah bhkn ijazah asli kagak cek ahli bhsa semua jejak digital jokowi kok jelas bngt berat belah polri,positif
brisiiiiiiik tompel,netral
lgahli jujur ahli kebihongan,positif
ahli tanggung jawab bukan dunia ahkirat kelak,positif
hukum akhirat paling adil dunia sandiwara,netral
orang baca lihat koran kryang edisi terbit muat hasil sipenmarufakkehutanan ugmnaah nama orang lulus cantum koran kr,netral
wqdj datang hari mulut kunci kata tak kata tangan apa laku kata kaki langkah bila hari tanggung jawab tiba,netral
taeeekkk,netral
aamiin robb alaamiin,netral
stuju cara adil klir terang bnderang,netral
bohong lindung kentara,negatif
seperti berat belah,negatif
adil tempat tepat uji jujur tahu siapa jujur siapa bohong bohong bakal masuk penjara,netral
pak ahmad moga pak ahmad kawan lindung mudah urusanurusannya,positif
ahli sambo ahli vina cirebon ahli kanjuruhan ahli jessica,positif
juta tki ada d malaysia rata bilang ijazah jokowi palsu d cetak d pasar pramuka,netral
pasti dulu izajah asli baru masuk pasal pasal,positif
woiiii kan jokowi bilang adil tunjuk hakim minta lucu kalian,netral
ah memang berani pernah kuliah,netral
kl rakyat mana justru si mulyono harus tinggal buktiin ijasahnya memang asli trus penjara roy suryo cs gampang nyata gx si mulyono nyewa acara bayar ribeeettttttttttttt,netral
orang koq nasehat polri nyata kurang rasionalitas minim ilmu attitude kurang baik,negatif
ternak muncul,netral
nyambung uji kubutpua lapor kepolisianyg hak uji kepolisianhasilnya final asliini negara hukum boss semua aturanya tpua jangan enak jidat buat atur sendiri sesuai mau merekalapor polisi tp percaya hasilnyapelapornya panggil klarifikasi hilang tel bumi,positif
bela bohong biasa dusta,negatif
luar biasa tinggal nunggu gilir reuni bareng teman,negatif
kubu jokowi arti sdh atur,netral
mudah paham sma anak abah,positif
seru,netral
iya tuju,netral
orang ksatria hadap masalah sendiri libat orang rakyat jelata jadi korban memang salah mending seleh aku ksatria pak jokowi laku,negatif
logika orang cerdasyg rusak nkrimenfitnah bodoh rakyat indonesia,negatif
waaaah lawan nasehat kapolri masuk jokomania,negatif
dewa panci laknatullah,negatif
sayang pak kasmujo tua pikun tak buat saksi,netral
lb tunjuk ijazah sesuai perlu butuh siapa minta ngapain nunjukin orang mesti,netral
diketawain anak sd saksi ahli sumpah beri terang benar sesuai ahli luar dr tanggung jawab tuduh tuduh,positif
pantas polri bnyak oknum nasehat nya sprti,positif
kuat jin,netral
g sabar liat roy panci dkk baju orange,negatif
duga kuat rezmon alumni yamaguchi gadungan,negatif
enak y calon jabat ijasah nya palsu bekerjasama oknum pajabat kait lolos jabat nyadi curiga ijasah nya palsu gmw nunjukkin ijasah nya bagai alassan bikin heboh nasiona,negatif
maju ros biar malu kamu grom olanmu,netral
benar mudah bohong susah,netral
nty klo polisi ngomong percaya makanya biar ahli ngomong ahli dr sana wkwkkw ribet bngt,positif
wr asa milu kemarin capres kok dikit sangka anak abah lupa ama ganjar,negatif
benar simpel tinggal pihak sekolah jujur bohong,positif
sabar bossss biar waktu jwb yaaaa tunggu adil,netral
cari benar jangan cari menang kalah,positif
ahli kalu uji ternak nya mulyono omong kosong,positif
fitnah g nyadar,negatif
asemka ekonomi meroketsampai kasmojo bohong lhojd bikin dosa siapaklow bohong baiksajajangan lihat api asap lihat asal kebaranyakau bela jokowi bs benar bs salah akal kau,negatif
pak kasmudjo bikin ahli jujur bulak balik galak lgi,positif
borong panci nya pa,negatif
tul betul,netral
suara enak dengar layak blantik,positif
normal jokowi manusia manusia anjng pelihara jokowi juang,netral
mmg benar asli moga bela pak jokowi sehat selamattapi klau bohong tutup bohong moga cepat ajab dunia hina hina hina nya aamiin,negatif
parah narasi kwakkakak,negatif
kena gatal lama nya semua nya n setruk lama nya aamiin,negatif
allah tunjuk kuasa lindung juang tegak benar,positif
siapa bohong moga segera azab dg pedih pedih,negatif
dampak baik ikut klo kira rugi ngacir prinsip,positif
moga segera seragam oranye,netral
kok km menyipulkan ituemang km teman tuhankm bocor dr tuhan pak jokowi licik,negatif
ternak mulyono tuh,netral
benar cari jln nya sendiri se lubang jarum,positif
islam taat pimpin meski beliau buruk,netral
netral,netral
penjara orang bohong dosa numpuk,negatif
manusia tukang bohong benar tdk percaya sirat dlm benak masyarakat sll bohong,negatif
allah gerah lah roy panci cs cpt masuk buiibiar kacung pda demo kasiah kacungng nya panci cs biar dpt lontong satu biji,negatif
km beli,netral
jelas palsu,negatif
jlan busuk msuk bui amiiiin,negatif
mudah ahli bukan bayar bukan pesan khawatir kyk sandiwara karna lama penuh sandiwara,netral
ariyanto bukan nasihat kapolri jubirnya mulyono,netral
bohong rombong panci,negatif
betul memang pihsk gugat gugat hsrus menghsdili persidsngan terima hasil putus saling adu data,netral
zt dukung jujur bang kayak,positif
kamu aj ganti becus,netral
betul langsung bongkar ijazah aslipalsu laku libat penjara beres selesai masalah kira brp biaya keluar si milik ijazah utk bayar ormas lawyer polisi hakim jaksa ugm buzernya,negatif
hahahahaha bp singkat padat kental komplit,negatif
luar biasa bang ahmadaangat gamblang sekali cara ngomongnyamasyakat insyaallah menilaisemangat bang ahmadsemoga beri sehat selaludemi juang kebenranaminnn,netral
orang kan teriak diaaam,netral
cari kyai bersihmending sumpsh apes turun tdk usah proses hukum,netral
znyr nya percaya karna semua manusia biasa salah,negatif
ternak mulyono muncul,netral
diiaaammmmmm pak arianto merangkapb jubir jokowi,netral
ew maaf kaka tdk terlalu penting ikut berita soal ijazah krna orang bohong tdk pernah jujur biar jga jaga pola hidup sehat allah swt sdah takdir sakit tdk pernah alih orang sakit,netral
benci serah cari salah orang suka,negatif
peettlah,netral
lah kan kenyataanya pak jokowi bener trus gmn urusanya,netral
sakit ati,negatif
muntah,negatif
pak jokowi beli asli lhobukan palsu,netral
lihat adil sesuai kata jokowor tinjukkan ijazah mika sidang do minta hakim hakim tdk minta tunjuk ijazah jokowor arti jelas sekongkol proses hukum tdk adil adil busuk,netral
inti h t i f p i alir sesat,negatif
ahli pihak roy surya cs libat,positif
butuh ahli butuh lihat ijasahnya,positif
ugm bilang asli ugm keluar kok percaya logika berfikirnya,netral
aamiin,netral
anak abah kurang sehat semua sdm rendah bener dewe padahal udeh tau bikin fitnah bikin berita bohong fakta he he he he,negatif
pak arianto ingat tugas apa bukan porsi,netral
libat pihak netral biar mslh nya terima dua belah pihak,netral
saksi ahli tp jangan masuk angin pak,positif
tuduh dikoment,netral
maju masuk bui,positif
aamiin,netral
moga acara roy suryo cs tambah cerdas orang orang bela bohong tetap tahan bohong,netral
dalil mentok ternak jokowi hti gerombol sakit hati maklumin lah kan sdmnya rendah rendah,negatif
jawab acara jkw ariyanto makin sangat jauh substansi awal ijazah palsungelantur kesanasini,negatif
panik bangg minta lepas biasaa teriak kok skrng beda bang lebih baik lepas orang salah hukum orang tak salah gentle lah bang,negatif
acara rs sangka tuh,netral
fakta aju roy suryo cs logis terang benderang sangat dragukan ijasah jokowi pakai logika kuasa lewat polisi bangun argumen narasi via tenaga ahli akhir nya logika akal sehat masyarakat paksa terima logika kuasa,positif
tuju sekali statemen om khozinudin saksi ahli suap biar menang,positif
kasus sengaja upaya pernah masuk adil pihak pro kontra semua,positif
ahli goa,positif
pr serah kerja ahli nya jangan thn kmrn indonesia kena prank pimpin citra sederhana rakyat kata punya gelar insinyur,positif
modaaar,netral
aamin,netral
harus lu tinggal mars pluto sono gj,netral
alkhamdulillah maju truuuus tim gerombol cptmsuuuuk bui amiiiin,positif
rakyat mana orang sakit hati pasu nya,netral
knp hti dn fpi kalah mulu lengser sejak skarang,negatif
preeeeet,netral
benar sekali biasa selalu orang orang jujur rakyat rugi,positif
acara konsisten moga allah swt mudah perjuanngannya tunjuk benar aamiin,positif
memang ragu masuk kamu pak tua,negatif
tunggu d pengadiln bkn km d lwn d minta ijazah lsg km perlhtkn apa km jamin klo d perlhtkn lsg diam g mungkin celahx dp g akhirx mkx d adil n buka unt umum klhtan nt sp sll buat hoax sp benar n sppun slh hrs d hukum krn neg kt neg hukun bkn hukum rimba,netral
asa gaduh kok,netral
makanya tuduh ijzah palsu si roy rismon dasar bohong hari gerombol cari bohong baru tutup tuduh,negatif
pei kata jokowi mega presiden bukan rakyat,netral
cerah segi mana nama nasehat hukum sperti,positif
moga allah swt hadir kan org jujur amanah iklasjika benar tdk tuk dunia akhirat temu,positif
sekali palsu kiamat tetap palsu ijazah jokowi,negatif
halah tunjuk ijasae beres gk,netral
la trus lapor dukun punya ahli sertifikat apa sertifikat pramuka,netral
aamiin,netral
tengah tau bngt pihak kl tegak hukum hrs netral hrs semangat bukti dr sumber iniudh jelas ending nya,positif
mulyono msi tanggung negara ttp ujung uang rakyat,netral
bukti tuduh sana tuduh sini,netral
datang ahli forensik luar negeri dg saksi jga ahli forensik masing biar tuntas,positif
putus adil kata khasinuddin lain waktu minta tunjuk selesai usah repotrepot acara adil,negatif
harus gitufaktanya ijasah jokowi entah mana,netral
komenan tanggung jawab dunia akherat,netral
wkwkwkwk,netral
konoha ingat kasus ekspor cpo rugi negara trilyun lebih adil justru dakwa vonis bebas nyata usut jaksa bukti hakim panitera suap dakwa lewat acara cari orang jujur negeri konoha ibarat cari jarum jerami,positif
elu diaaammmmtua bangka,netral
allah moga nasehat akhir hayat beri sempat taubat jalan mu anda beliau engkau beri hidayah aku serah semua mu,netral
banyak banyak istiqhfarnggk usah neko nekohidup nggk lama kok,positif
banyak ahli kian kubur halu fitnator akadmisi,positif
komentar basi saking punya argumen,negatif
gantung org,negatif
tuju dr hamid awaludin indikasi pak jokowi menang,positif
acara kalah,negatif
orang hti percaya kocak rubah pancasila negara khilafah,netral
acara spesialis gagalklien nya pernh menangwkwkwk,netral
gitulah kl urus raja ngibul isi kl ngibul rekayasa,netral
mana tobat kan umat nabi psi,netral
panik panik panik lah masak enggak,negatif
indonesia orang baik jujur cerdas,positif
ngatur lu ahhhh,netral
aamiiin,netral
kampus pasar pramuka,netral
pak jokowi baik bapak tampil tunjuk ijazah langsung ajak diskusi tuduh ijazah bapak benerpasti semua selesaidan sita perhati bangsa,positif
ahli rismon tifa suryo kok ajak hasil palsu ajak,netral
simpel bikin ribet hadir jokowi serta teman kuliah bawa ijazah periksa bareng ahli beres,netral
kamu percaya ugm apa roy cs ntar ditunjukin tetap percaya,positif
udin tompel keok,netral
bang ahmad tunjuk berani kuat argumen logis jaga hukum akhlak jaga hukum nilai moral agama maju bang,positif
ternak mulyono logika sederhana nyampe otak,netral
ngomong opo lu,netral
lo bilang polisi adil pihak jokowi kan wkwkwk knp lapor nato aj klo,netral
bpk aryanto budak kuasa,netral
gigi kuning tompeltim provokasi,negatif
kozinudin cuman pinter ngomong esensi omong,netral
segera taubat ariyantoingat umur,netral
anak abah g pr caya lah,netral
gj urgument apa dangkal rasulullah saw pernah sabda andai semua manusia beri apa dakwa niscaya banyak orang mendakwamenuntut hartadarah orang,netral
moga kelak proses lidi ttg dorong perintah lebih bersih proses adil ri aamiin,positif
laah buat apa ijazah asli tunjuk ente nyimaknya siih ijazah koo mibta tunjuk pa jokowi nunjukin ijazah asli emang ngelamar kerja apa realistis lah broo berfikir okgl,positif
tunjuk ijazah publik kira roy cs bakal percaya asli,positif
kuasa lepas dulu adil selesai trims,netral
om btulll msuk akal sehat,positif
lah lu asli ny aj tp bilang palsu,netral
lama tdk buka periksa jangan harap netizen percaya hasil periksa daro polda metro,negatif
siapa bohong nantikita lihat dipengadilandan siapa giring utk inap hotel prodeo,negatif
gol roy cs biar puas,netral
sekali ahli kubur,positif
percaya ladusing,netral
kan bilang identik otentik satu pihak mutusin,netral
sekali bohong bohong lanjut tutup bohong belum haduh sulit mudah,negatif
sekali cundang tetap cundang,positif
wakil publik,netral
ntar tanya malaikat dlm kubur siapa tuhan apa jwabnya lha ndak kok tanya,positif
fitnah tanggung jawab dunia akhirat nt,negatif
jgn jgn bela jowki,netral
inti h t i f p i alir sesat,negatif
bayar piro,netral
allohu akbarmantab adil jokowi,netral
jujur bpjs km palsu asli,positif
orang bikin mudah sulit,positif
tutup bohong banyak ngeluarin duit,netral
ahmad jago hebat loe simple mudah dicernak terang ente sehat slalu bang,positif
khusus cerdas berani bodoh takut hilang beras jgn ikut,negatif
bela benar bkn bela buat hoax,positif
alhamdulilah km turun jalan bersih bersih sampah,positif
ribu ahli apa percuma benar butuh moral etikabila orang ahli pihak salah satu apa sengketa kan percuma hukum putar balik sesuai apa hendak sang modal besar,positif
benar buka kok tuhan dulu tp rata orang indonesia mata batin nya buka sadar nya tutup pernah suka mulyono terlalu licik,netral
ew sory bro bpjs mandiri yaatidak termul,netral
jangan ahli juta ahli bela bohong allah swt bukti benar,positif
aamiin,netral
bela bohong bohong tipu tipu dosa balas laknat laku moga ahli ahli nya condong uang bayar bayak,negatif
iya sayang tdk tunjuk foto ijazah foto kopi aneh sidik,positif
okgl koment lu bau tokai,negatif
roy panci cs bingung cari panci baru,negatif
pak arianto klhatan sekali kl jubirnya mulyono bik jubirnya polri,netral
ew apa hubung bpjs bang alhamdulillah bpjs mandiri tdk harap dgn bpjs gratis abang bang kelas,positif
minus ahli nujum,positif
hilang benci lebih sulit sabar gk mungkin hilang klu benci satu dgn darah daging pasti benci mati,negatif
bohong sulit susah belit belit jujur sangat sederhana mudah,netral
konsisten nagcok,positif
pak arianto jubir jokowi bukan ahli polri,positif
padahal tdk rumit gigi foto detil sdh tebak,netral
moga kasus tangan hakim jujur independen,positif
masalah ecek buat ribet mulyono butuh jujur bukti kasus duga apa kataka tulis arang buku jokowi undercover benar ada,netral
ring jauh takuut ahmadminta dihentikanlatihan benerwkkwk,negatif
cemar nama baik lihat aj ijazah jokowi tunjukkankami rakyat turun jalan,positif
justru alumni palsumaka berani konprensi fersm,netral
ahli utu berapa bayar jujur paling mahal,positif
pjokowi sdikitpun tak punya sifat negarawan kalaupun memang izajah tinggal tunjuk kan semua selesai adu domba rakyat penjara rakyat,negatif
benar mudah jujur butuh usaha banyak belit belit,positif
om benar,positif
ngga perlu orang ahli perlu orang orang jujur orang orang waras,netral
benar,positif
bohong bohong bohong bohong bawa mati situ coba kamu bohong pd malaikat,negatif
cerdas anak abah,positif
agama islam,netral
aamiin,netral
konferensi pers ijazah fotocopy,netral
dulu mungkin tunjuk bos,negatif
siap saksi ahli jujur,positif
acara asal bicara penting bicara tp sayang sering kepleset,positif
rdj biarin bilang cerdas orang sederhana literasinya,positif
setujusaya bukan bela roy suryo cstp klw glagat nya pasti palsu ijazah jokowi,negatif
kl argumen nya dangkal,negatif
siapa juang,netral
benar selalu teriak bohong lah selaluu bohong takut tahu makanya makin keras tuduh nya,negatif
bang rifai santun dasar ilmu hukum,netral
znyr percaya siapa moga bohong dapat azab sangat pedih,negatif
gaduh rakyat htifpianak abah karna sebentar rismon cs masuk penjara,negatif
masyarakat koq selalu takut takut,negatif
arianto pantas jadi ahli jiwa khusus tangan gibran,positif
pak ahmad khosinudin kata kebenaranyg org samping bela bohong biar allah swt balas,negatif
benar paksa diri tdnya sy ragu ugm bilang keluar arti asli jokowi daftar diugm kuliah bulan sekali apa minggu sekali klo daftar bayar ikut uji asli ugm kash ijazah alias jokowi beli pinggir jln,positif
se doa kan bela dasar tdk benar jujur smga kena azab allah aamiin yra,positif
apa cerdas wkwkwkwk,positif
masalah tega hukum bukan pintar bicara perlu bukti benar sesuai pakta hukum buah pasti bukan benci,netral
semua ahli pasti ternak mulyono,positif
bi lihat tgl julisiapa hak baju orengeutk nginep hotel prodeo,netral
nyata pakta ijazah jokowi palsu,negatif
waduh bang ahmad khonudin keroyok dg geng solomudahan tambah kuat alloh,netral
jkw seperti stres berfikir keras bagaimana keluar situasi,negatif
kuat beli pancitanvan,netral
cerdas apa nya orang bela orang salah,netral
fakta aju roy suryo cs logis terang benderang sangat dragukan ijasah jokowi pakai logika kuasa lewat polisi bangun argumen narasi via tenaga ahli akhir nya logika akal sehat masyarakat paksa terima logika kuasa,positif
mulai gerah gosimcari narasi,negatif
dinegri konoha bikin ribut masalah ijasa,negatif
diaaaammm,netral
harap rakyat agak sulit terap,netral
makanya skolah biar paham,netral
begitu sifat pki,netral
waduhini budak bin jongos habib yaudh dpt kunci serep surga dr habib dobollowi nihminta rante emas dak,positif
ikut turun jalan utk tegak adil,netral
malaysia hadir dukung pak jokowi,positif
butuh malaikat buat ahli,positif
ariyanto kurang update nya tutup bela kebohongangmana percaya bapak inidia banyak palsu,negatif
kroni hti sakit hati,netral
orang baik mana klu,positif
ternak muldongo,netral
jujur buka benar allah lah maha segala,positif
znyr hadehhh nanya sederhana dmana kl guoblox jgn lewat mul sederhana tunjuk ijazzahnya blog,netral
hti fpi,netral
kelar bikin negara panci,negatif
dewa panci laknatullah,negatif
juta ahli tak masalah penting independent,positif
pempitnah siap pkai bju oren,positif
mana berani,netral
aamiin allahumma aamiin,netral
acara sandal japit,netral
kuasa hukum fulus,positif
betulkekalahan sangat sakit,negatif
terimakasih pak kasmudjo kata jujur,positif
kekeh dusta,negatif
butuh ahli penting tunjuk yng asli biar teliti ramai media penuh buka,positif
orang pintar jujur tdk butuh negara konoha,positif
wkwkwk,netral
polri usut kasus hnya pilih ijazah palsu kapolri copot presiden ambil alih kasus cap penghiatan penghianat rakyat khianat jokibul ketidakpastian usaha selesai kasus jagung dpr,negatif
awal owi bilang kasus receh eh receh brapa ow,netral
y loe kan gtu,netral
enak dengar bicara bang ahmad nampak orang beril etika bicara isi dasar fakta buka informasi selimut,positif
allah sama bung akmau atw lebih saksi ahli rakyat ind selalu doa utkmu,positif
berat maju walaupun berat,negatif
jujur susah negeri hati rasa kn bgmna pimpin bohong g,netral
waduh pak hakim pak jaksa acara kerja penjara orang,negatif
ayo br orang jujur jgn mundur hdp pr bohong benar menang,positif
koment mana,netral
rivai aryanto kan kubu tv one mesti hrs adilseyogianya undang tokoh lwbih netral,positif
sdm rendah alias botol,negatif
bongkar semua busuk jkw,negatif
jelas soal sya kurang faham dgn komen abang,negatif
satu jgn lupa km,negatif
bela benar mna tim gerombol cptdi jeblos nusakambangan amiiiin,positif
ngising,netral
kok pikir asli asli proses terbit nya masalah sayamakanya butuh uji forensik lebih baik hadir saksi ahli luar negeri punya sertifikasijadi simpang siur jadi,positif
ahmad tompel,netral
orang salah ganjaranya buruk lihat siapa salah penjara semua ikut serta campur tangan tuhan bila masuk penjara jangan tuding bukan bukan klo terima semua kelompok dajjal percaya nyata campur tangan tuhan,negatif
jokomaniaelu ekor,netral
orang sakit hati sadar apabila kasih patok atas bawah,netral
ahli teliti roy suryo cs,positif
looo phng,netral
semua dalang roy cs wayang,netral
biasa ngakali hukum siapa percaya semua serba rekayasa,negatif
drs insinyur jokowi kkn lulus bar s cream bilang kkn kurang koordinasi mulyono lupa skenario,negatif
betul aryanto nasehat kurang sehat,netral
org gk waras samapai hrs kumpul ahli ucap bebas bicara padahal roy cs gk perlu ahli utk masuk penjara siap rela klo ijazah jelas asli kan kata semua pakar pihak jokowi raka nuduh palsu tp klo nyata asli kena pidana simpel kan gk perlu repot debat tiao hari baik tv maupun medsos sekali siap masuk penjara duga tahan almamater kampus ugm semua jebol ugm ijazah skripsi asli milyar,positif
bang ahmad jooos mantaaaaap,netral
jujur tuju benar,positif
kok paham orang iniorang target jokowi meski tunjuk cari salah mikir,negatif
acara cerdas jauh jilat pak ahmad apa muka nya dasar kan pakta masuk akal semua pegacara bukan ikut bohong mantaf pak ahmad maju negeri jujur,positif
abang jas coklat aku sering ngliat banyak tempat selalu akhir dng ngotot kilas kliatan pinter ngomongnya nrocos pdhl klo amat sungguh hny pinter ngeyel dulu kagum ttp maaf dlm kasus roy ijazah aku bosen,positif
bang ahmad,netral
hebat bang ahmadlebih cerdas berani,positif
tangan kasus ijazah jokowi perlu jujur transparan masyarakat tauhasil benar buat jujur tegak hukum,positif
tunjuk ijazah bukan tabu,negatif
bapak simpel jokowi tunjuk ijasah asli selesai bukti asli org sebut lansung tangkap balik asli tangkap jokowi,positif
dunia negara indonesia jelas orang me malsukan ijazah kok bela mati an,negatif
masuk salah satu cara ulur waktu kapolri,negatif
semua acara jokowi aryanto debat lawan aku brow lawan aku,negatif
juang sia sia konyol,negatif
benar,positif
profesional ijazah benerdi bukti tunjuk saksi umum buka jujur baru fair,positif
tanda kurang mampu memangkis dalil pak roy suryogbu pak ahmad kpejuang benar,positif
orang selimut benci apa jadi kepencian,negatif
moga saksi ahli konsekwensi bukan transaksi ahli hishjab karna malaikat benar,positif
amiiiin bohong dn fitnah pasti baju oranye masuk gerombol roy suryo,negatif
masuk pak ndul ahli ahli,positif
simbol negara indinesia pancasila bhineka tunggal ika sejak kapan ubah kujur,netral
panci suruh kembali dulu m uang rakyat,negatif
kl ahli panggil dr institusi polisi aza bohong,netral
ngomong laku jangan maksud,netral
pahmad,netral
lihat nyata nasehat polisi cendrung bela jokowi teliti anggap tuduh ijazah palsu padahal awal lihat rektor ugm kader psi tunjuk ijazah jokowi lalu pak rismon teliti ugm temu janggal lalu rame unjung ugm nah lihat berita nya media,negatif
mf,netral
ingat kasus vina joshua mirna,netral
tuhan tidur salah tetap salah benar hadir waktu adil akhir zaman lah hukum semua masuk media,netral
usah ahli deteksi bohong,netral
biar adu sidang langsung biar masyarakat benar,positif
buzzer,netral
bohong kena sakit kulit budug,negatif
iyo kali bukti orang beraktifitas biasa,negatif
kacau,negatif
bukan nya posisi sakit akal,negatif
iya,netral
allah tunjuk kuasa segera engkau azab orang penuh dusta,netral
allah sama orang salah dn benar,netral
haduhh dikit nya sekali semua ahli seluruh indonesia hadir biar ribetnya kagak nanggung,positif
segala berbelitbelit cari jalan keluarklo susah knp gampang,negatif
tim tpua komen,netral
sangat nyata kasus mirip spt jadi pd gus nur n bambang try,netral
biar yakin karna ditunjukin tetap edar media foto bukan foto,positif
publik mana,netral
yap bang ak memang tunjuk berani kuat argumen logis jaga hukum nilai moral agama kamu suka aku lebih bahagia,positif
luar biasa apa nya acara kalah,negatif
rakyat mna dapat dg kl,netral
hozinudin baru acara akal sehat,positif
akn adilklau kplri nya m sy h listio sigit,netral
masuk aj sana sdiri jgn ngajak rakyat indonesia aku ogah,netral
lindung penjara maksud,negatif
pal ahmad acara cerdas sehat selalu,positif
negara buat mainannegara luar sana maju bikin plonga plongo jelas,positif
nasehat kapolri rasa termul,netral
tangkap jokowi penjara kan tipu dgn ijajah palsu doa bohong kok arianto perlu bela bohong,negatif
yah lanjur mati bohong kubur bohong maksud purapura kubur nyata buang laut,negatif
bukan tdk percaya ama jokowi rakyat sdh terlalu banyak dibohongiayooookita cari apa sj bohong ngomong bohong ngga bersalxhkannah bpk jokowi,negatif
qduh nalar balik bela jokowi,netral
jahat apa prasangka buruk tu,negatif
mulyono bel ijazah asli kasih foto kopi pasar pramuka,positif
ahli siapa apa yakin ahli independen pihak salah satu pihak,positif
cerdas kambing,positif
lerja polisi sangat muak kan tinggal sita ijazah asli nya uji forensik sama ahli tiga pihak pihak jokowi pihak roy suryo pihak polisi beres uang rakyat guna bayar orsng profesional,positif
negarawan baik tunjuk ijazah pak jokowi please henti ribut fokus bangun negara,netral
diiiiiiaaaaaaammmmmmmmm,netral
temul pak jkw berbohongmasih ajh percayaaslh satu nya mobil smkbayak cobah cek berpa bayak bohong,negatif
ak cerdas bicara mana sesuai fakta benar claim ijazah palsu orang cerdas ahli ilmuwan doctor lawyer bukan rakyat biasa spt bbtri gusnur penjara walaupun barang bukti tdk pernah tunjuk publik makin lama rakyat makin cerdas nilai ijazah aslipalsu,netral
nama ahli punya ilmu tekun se sekolah titel nya titel dr drs kok jadi ahli forensik digital salah atur ahli abal abal,positif
berat sekali tugas polisi sidik jaksa tuntut hakim putus perkara duga ijazah palsu tiga instansi tegak hukum bagai tegak benang basah,negatif
kurang atuahli waris ijazah,negatif
jujur apo hoax semua,positif
diaaammm padahal tua bukan jujur siarianto biar tenang hari tua,positif
ono untung e bro,positif
mantab jawab cerdas mas khozinudinteruskan mas bela benar,positif
dengar stetement bela jokowi perut serasa montahmuak mendengarnyatakutlah mahakuasa milik adil sungguh,positif
sdh raba terawang org labfor lho ragu bilang asli,netral
masyarakat percaya samawakil nya masyarakat rismon percaya rusmon masyarskat j percaya ijasa jokowi asli percaya penga cara jokowi akhir satu percaya dgn hasil putus hakim biar tidsk pecah belah,negatif
preettt,netral
libat hutanbiar seru preseden utk anak cucu datang,netral
moga pak kasmujo sehat walafiat,positif
usul konkrit uji karbon ijasah jkw tahu tahun berapa kertas ijasah jkw keluar,negatif
nasehat apa cocok nasehat nusa kambang org terlalubanyak air mulut,positif
pak ahmad khozinudin sangat cerdas,positif
konsisten memang si tompel konsisten kalah sidang lihat si gusnur baru keluar penjara tobat nya,negatif
aduhhh bingung konoha cukup org jujur pintar beres,positif
lenih cepat grombolan gk penting dy tangkap biar aman,positif
ijazah ditunjukin mah omong kosong fitnah siapa sebenernya bos,negatif
hakim tantang tuhan jgn,netral
tompel mulai panik,negatif
komenya anak abah,netral
cukup kasus cirebon pegi arianto berat orang tak salah percuma nasehat,negatif
kamu lapor polisi karna km tuduh malingsiapa bukti,netral
lagi tvone ngundang orang polri netral,netral
tompel sangka turut provokator demo antek antek tpua,negatif
tunggu letak bohong kuak,negatif
jokowi siksa diri sendiri hidup bikin sulit sendiri,netral
org menang omgnya santai krn bakal menang beda ma mo klh omgnya ndrojos keras tanda takut kalah emg betul kalah,negatif
makan gaji buta bosss,negatif
dlu bnci bpk ahmad pdhal org sgt cerdas hati sdh buta dlu mulyono and the genk,positif
bkan ahli d sebut ahli bnr sdah bidang ahli nya roy cs ahli apa dlu,positif
maennya kurang jauh,negatif
luar biasa pak ahmad sampai sangat jelas sangat paham dimengertidisini pihak sekali luar biasa pak ahmad,negatif
blok medan mulai goyang,netral
aria to kuntadi nasehat polri resplan samasekali pihak belah,negatif
semngat bro jangan takut intervensi benar muncul,netral
susah negeri jujur persen palsu asli nilai rapot anak,netral
tuntas asli palsu baru menuntutgimana,netral
iya musti libat,netral
klu ahli dunia hadir kilah lidah org klu ahli allah swt baru lidah tdk kilah mudah ahli hadir wakil ahli dr allah swt amin,positif
gk selesai dulu soal ijazah duga palsu dapat putus kuat hukum baru lanjut dgn duga cemar nama baik,negatif
apa berapa ahli sampai lama percaya tetap percaya,positif
termul sangat yakin roy suryo cs bukti salah,netral
tul,netral
cerah bang ahmad acara hebat bravo bang,positif
betul sekali ariyanto jangan pakai,netral
cepat sabar nonton debat adil pjokowi vs roy suryo cs,positif
hasil nasehat masuk sambo kali,netral
ufzm yakin ijazah mulyono asli klo ijazah jokowi jelas palsu,positif
tuman,netral
hakim bs beli,netral
harus janggal jawab bukan difreming tanya apa jawabanya apa sy lebih paham bang roy koar,negatif
znyr sedrhana tggl tunjukn jgn fotocopi knp slalu fotocopi duga it ijzh milik org tempel foto orang mirip mulyon dn org bukn dri ugm tp dri ui,netral
moga bohong serta dukung bohong semua dapat azab allah segera tobat,negatif
tunjuk henti cari salah kalian benci akut,negatif
jujur satu bohong ribu bohong tetap menangselamat tahan dg bohong titik penghabisanstlah jujur muncul,netral
kapolrinya takut n sungkan dgn jokowi,negatif
aku butuh bnyk tnga ahlicukup aza alhli mmgaburkan masalah aza biar fres bebas beban,negatif
tunjuk ijasahlangsung tahu,netral
moga ahmad khonudin sehat kuat dgn semua krn juang bagi luar lanar semua moga allah balas berani ahmad semua musuh musuh rangkai lobi,negatif
luar biasa ngocehny bokin mangkel,negatif
znyr tunjukin ijasahnya kok repot,netral
inti hasil teliti forensik fair takut uji chalenge teliti kredibel masalah hasil uji forensik kata identik boleh pihak laku chalenge ilmiah polemik seolaholah putus pihak,negatif
ye gila,negatif
turun lumayan dpt nasi bungkus,positif
libat juta ahli tak fungsi ahli lapor tdk libat proses,positif
bapak tengah bukan ahli kuat giring sblh,positif
kl asli gk mungkin gugatlogikanya,netral
ahmad khozinudin vs projo,netral
btull stujuuuu merka dipertgugjwabkn alam barzah bazer pndusta geng slo,netral
betul ulur waktu utk dapat ijazah asli dg segala cara,netral
acara ahmad khozinudin cerdas jelas mudah erti smga sht slalu lancar bela benar amiin,positif
pretttt,netral
tahu palsu nya kasih ribet dlu kata projo,negatif
ahli percaya kelompok sakit hati ahli,positif
rasional jelas pak ahmad khozinudin,positif
benar versi bohong banyak versi tutup bohong,netral
lah nunjukin asli,positif
tuju orang baik rismon cs lindung tuhan krn bongkar bohong lama puluh tahun benar bengis ratus juta rakyat indonesia tipu tahun tahun rasa salah,negatif
kubu abah,netral
lingkar mulyono,netral
awal bohong tutup bohong ikut jadi jokowi,negatif
ribu ahli tak kan mampu tutup kebohongansatu jujur hilang kebihongan,positif
kamu percaya ugm roy cs,netral
sejarah catat siapa berbohongygsimpel bikin ruwet,netral
znyr aku wong njowo seko purworejo jateng aku luweh percoyo karo roy suryo rismon tiva tpua dkk bravo bravo bravo juang,netral
sakit hati lihat benar sulit nyata benar apa salahsaki hati permanen sulit sembuh,positif
dewa panci masuk bui,negatif
bpjs km katbya palsu,negatif
smg diwaktunyaproses adil terbukaadil transparan smg benar buka lebar aamiin,positif
dr awal tanya baik baik bakal inidari awal ngegas nuduh ijazah palsusaya rakyat jelata langsung tuduh terimaapalagi jokowi mantan presiden periode,positif
banyak muliut,positif
tuju,netral
bang ahmad khozinudin singa benar balik meja hukum memang sangat cerdas,positif
pernah adil upaya dulu,netral
alam masuk bui siapa,netral
kamu betul mas bela benar aku dukung mudah cepet selesai benar acara roi,positif
acara roy suryo cs,netral
moga iblis buat curang zalim segera azab allah swtaamiin,negatif
percaya seluruh makhluk bela buah bohong akhir bohong tetap hina,negatif
liat siapa belit awal ijazah skripsi kkn buat ijazah pasar pramuka,netral
jujur simbol buah negri wibawa,positif
nanti siapa bohong ugm bohong lompat monas,negatif
emng bagi publik mana rusuh,negatif
mungkin ijazah lahir tunggu hamil,negatif
maju pak ahmad kozinudin rakyat tetap pihak bp klo benar,positif
luar biasa ahmad khosinudin jujur mmng sederhana mudah pembuktiannyakebohongan sangat ribet mbulet,netral
ohh seraaaammmm,netral
salot dgn abang cerdas jelas,positif
saksi ahli beri terang tdk benar baru dipermasalhkan,positif
diammmmmmmmmm,netral
benar oppo benar haaa nalar waras,positif
sifat bohong klo sifat kenegarawanan mantan presiden,negatif
diaaaaaammmmm,netral
butuh bukan orang ahli orang netral indenpenden menihak salah satu pihak,netral
om tom batre nya on chargernya,netral
muhammad tompel,netral
gagas fulus,netral
paling penting n tentu perlu hakim ahli hukum jujur,positif
tuhan patung,negatif
betul alhamdulillah dulu proses terima kerja salah satu pt nasionalsyarat cv fc ijazah legalisir tunjuk ijasah asli klo pt biasa aj serah ijasah asli,positif
yakin ahli masuk anginkecuali pihak roy suryo cs wakil baru adiltapi ahli datang bareskrim dagelanwaduuuuh kerja tidur aja,positif
bohong pasti masuk penjara,negatif
acara hebat provokator,positif
betul bohong masuk roy suryo cs,negatif
serah kalian ternak hewan,netral
sengajamenghina hamorang publik utk informasi ungkap asli palsu ijzah jkw langgar sembunyi pasal pasal telahdiaebutkan atas,netral
sehat selalu lihat hti bubar,positif
fitnah tanggung jawab dunia akhirat,negatif
jokowi lsngsung tunjuk ijazah asli kyk obama selesai gk bikin gaduh,positif
tutup bohong sangat sulit tutup dgn bohong lama mati dlm ada bohong,negatif
bapak sehat selalu smg allah selalu lindung serta keluarga amin,positif
ug bilang kan waras,netral
mulai belit lepas jerat hukum,negatif
banyak minum konidin,positif
gx sakit hati buat apa lol,netral
baik wakil ahli pihak drsuryo lebih obyektif,positif
fakta aju roy suryo cs logis terang benderang sangat dragukan ijasah jokowi pakai logika kuasa lewat polisi bangun argumen narasi via tenaga ahli akhir nya logika akal sehat masyarakat paksa terima logika kuasa,positif
pokok pihak jkw arti anggap jujur malaikat bela jkw bilang jujur,positif
maju pantang mundur bung ahmad acara cerdas,positif
ndasmu kui,netral
akh tim jokowi,netral
inti h t i f p i alir sesat,negatif
kasihan sekali klo percaya tegak hukum indonesia hidup nya cape bangetklo mending pindah negara,negatif
ada orang jujur negri,positif
akal bulusss,netral
apa malaikat nanyain alam kubur bohong,netral
moga pak prabowo simak telaah kasus lindung anak negeri benar junjung hukum adil,positif
libat rismon kesan rekayasa redam ketidakpercayaan,negatif
coba kamu sebut dalil,netral
percaya libat banyak ahli independen yng kompeten periksa ijazah jokowi,positif
buzer senior,netral
dx tuju bohong seluruh rakyat indonsia,negatif
liat endingnya sadis,netral
nama beruang ytube erti galang operasi intelegent negara strategi intelegentnya sedang berangus antek hti akar lalu dekat kasus ijazah strategi muncul antek hti bagai elemen mudah ringkus masyarakat aman damai nkri jaya tuju indonesia emas,positif
gax takut akhirat,negatif
tuju,netral
memang bikin percaya,netral
buzzer banteng,netral
harus waktu uji forensik pak rismon pak roy suryo libat wakil publik,netral
sidang pak kasmujo tunjuk p jokowi jujur,positif
tunjuk benar sungguh allah,positif
susah harap adil polisi,negatif
baris sakit hati vs baris kang bohong cocok oon,netral
tunggu adil siapa bajuor,netral
si ahmad kesan pintar yak padahal kosong wkwkwk,positif
tuju mirbiar gigi kuning,negatif
tuju bg kozainudin polisi ragu makany hadir ahli,netral
proses buat asli palu,positif
akal sehat jujur junjung tinggi sdh jelas siapa bohong cetho welo ketok moto,positif
dewa panci,negatif
mesti bukti ijazah anggap palsu banding dg ijazah aslidari u g m memang buat mbulet alias buat sulit kok masyarakat sdh pd kok,negatif
luar biasa asal omong hahaha,negatif
pak ahmad khuzinudin acara handal berilmucepat org erti,positif
kasus masuk ranah hukumpembuktian dipengadilanyg tuduh bukti,netral
kalian kelompok orang,netral
sakit,negatif
ragu pa aryanto masuk polisi jujur polisi jilat kok pensiun narasi jilat heran,positif
polemik lucu geli malu karna apa karna laku orang didik tinggi,negatif
orang waras mang mudahtp rismon cs benar punya,positif
jahat menangtapi sifat utk benar menyatakanbahkan menghacurkan semua jahat sendiri,negatif
manussia,netral
bayang berpa dana kucur kompak tae memang,positif
hhh knapa msh libat ahli klo mmg asli tunjuk,positif
hahaha sory bro pancing komen,netral
ahli harus pahamkalau pahambukan bidang,positif
cangkemu kui,netral
wkwkwk gw liat ketawa kala otak emosi sinkron bela cinta duit,positif
nasehat kapolri jadi jubir mulyono,netral
kecil om thn korupsi rajalela fantastis mulyono gk apa parah y,negatif
proses fair adil jadi tuduh kena pasal cemar nama baik inivterkait bagaimana sampai berita publik ijazah benarbenar bukti forensik anda palsu hakim berani putus palsu meski tuduh kena pasal cemar nama baik,negatif
bukti asli nya dulu,positif
aryanto seperti hati nurani tutup dg amplop,positif
kl lapor damkar salah memang sulit cari adil konoha sy harap damkar beri wenang andil tegak adil,negatif
khosinudin tdk benar cari pembenaransemoga ikut masuk,positif
asli nya barang biar buat nya bicara kau tak percaya buat nya ceritanyalogika mu dangkal,netral
rismon si muka hancur roy panci siapa,negatif
kata siapa semua lahir bsr indonesia hukum indonesia seringkali tajam bawah tumpul atas gmna bobrok kepolisianhakim indonesia menang kuasa duit,netral
inti h t i f p i alir sesat,negatif
tuduh bukti kok tuduh membuktikanlogikamu salah bung,negatif
dukung rismon dkk wajib tanya,positif
panas kalung kulkas,netral
sangat betul,netral
ijazah pasti asli dulu periksa sama libat gugat asli baru nama fitnah cemar nama baikakal sakit bagaimana orang percaya,netral
sy rakyat kecil netral karna penting perlupemimpin bohongyg jelas didik ijazahpalsu,netral
moga cepat selesai sesuai putus diambilkalau ikan peluangmalah luas gali gali,positif
segera spy tdk gaduh mlulu,netral
kasih sederhana minta belit belit pihak ugm clear simpel,netral
benar tetap pihak ijazah palsu tukang bohong,netral
bukan cerdas ngotot,positif
pak ahmad hojonufin orang cerdas berani mantaapp,positif
bravo aryanto kamu juang lusr biasa dukung lindung semua bohong jahat mulyono sejarah catat rakyat selalu ingat,negatif
memang jelas pampang,netral
akhirat bekit belit,netral
bukan buzzer,netral
ijazah kl buka dr dl gk smpai hr kelaruji frnsik dr pihak baru msyrkat taukm termul jga yammx bkdohnyata jkwi bohong super ruwet kok mata gk lihat kl,netral
kurang apem banyakin istiqfar mas nyesel lohmati ngak ngerasain banyak apem,netral
tuduh jabat publik bos wajar identitas akses tanya publik baik sarap dulu kayak sarap,positif
